{
    "loss": [
        1.3465287685394287,
        0.3618929386138916,
        0.2016589343547821,
        0.13950026035308838,
        0.10354064404964447,
        0.0872633308172226,
        0.07411327213048935,
        0.06119995191693306,
        0.05498985946178436,
        0.05091235041618347,
        0.049021970480680466,
        0.04479216784238815,
        0.03899144008755684,
        0.04262964800000191,
        0.03509185463190079,
        0.03771284595131874,
        0.0345565602183342,
        0.03149474784731865,
        0.03268323466181755,
        0.03289341181516647,
        0.028829995542764664,
        0.029410669580101967,
        0.02770392969250679,
        0.025338973850011826,
        0.026385609060525894,
        0.02680010348558426,
        0.027799788862466812,
        0.02450363151729107,
        0.023797566071152687,
        0.021546078845858574
    ],
    "accuracy": [
        0.6237630248069763,
        0.9034823775291443,
        0.944882869720459,
        0.9627959132194519,
        0.971314013004303,
        0.9738820195198059,
        0.979644238948822,
        0.9819616675376892,
        0.9832143187522888,
        0.9849680662155151,
        0.9840285778045654,
        0.9854691028594971,
        0.9877238869667053,
        0.9865338802337646,
        0.9886007905006409,
        0.9866591691970825,
        0.9880996942520142,
        0.9893523454666138,
        0.9895402789115906,
        0.988475501537323,
        0.9902292490005493,
        0.9901039600372314,
        0.9906050562858582,
        0.9921708703041077,
        0.9907929301261902,
        0.991231381893158,
        0.9902292490005493,
        0.9917950630187988,
        0.991356611251831,
        0.9923587441444397
    ],
    "val_loss": [
        0.25815653800964355,
        0.10312775522470474,
        0.050991885364055634,
        0.03226535767316818,
        0.024863015860319138,
        0.022010549902915955,
        0.021582910791039467,
        0.021135661751031876,
        0.014693599194288254,
        0.013695623725652695,
        0.00990199763327837,
        0.014659159816801548,
        0.010621489956974983,
        0.01227404735982418,
        0.009678187780082226,
        0.009519551880657673,
        0.011668647639453411,
        0.011619986034929752,
        0.013128489255905151,
        0.009355772286653519,
        0.013181444257497787,
        0.008565033785998821,
        0.008468782529234886,
        0.013164677657186985,
        0.009899400174617767,
        0.011655783280730247,
        0.01047636941075325,
        0.010915979743003845,
        0.007616916671395302,
        0.008946575224399567
    ],
    "val_accuracy": [
        0.9659041166305542,
        0.9832820296287537,
        0.990101158618927,
        0.9947206377983093,
        0.9945006370544434,
        0.9942806959152222,
        0.9942806959152222,
        0.9953805804252625,
        0.9953805804252625,
        0.996480405330658,
        0.9960404634475708,
        0.9960404634475708,
        0.9960404634475708,
        0.9962604641914368,
        0.9967004060745239,
        0.9960404634475708,
        0.9962604641914368,
        0.9967004060745239,
        0.9960404634475708,
        0.9967004060745239,
        0.9967004060745239,
        0.9962604641914368,
        0.9971403479576111,
        0.9956005215644836,
        0.996480405330658,
        0.9960404634475708,
        0.9967004060745239,
        0.9962604641914368,
        0.9973602890968323,
        0.9971403479576111
    ]
}