{
  "loss": [
    1.737361192703247,
    0.5599758625030518,
    0.32005739212036133,
    0.2621399760246277,
    0.1738494634628296,
    0.14890369772911072,
    0.10162452608346939,
    0.13252997398376465,
    0.12351518124341965,
    0.06846736371517181,
    0.05311107635498047,
    0.10344143211841583,
    0.05838346108794212,
    0.12075832486152649,
    0.06594596058130264,
    0.04258424788713455,
    0.05887972190976143,
    0.05683768913149834,
    0.05014647915959358,
    0.04157933592796326,
    0.04313761740922928,
    0.0683547630906105,
    0.0773121565580368,
    0.03206077218055725,
    0.08428481966257095,
    0.1373634785413742,
    0.020186031237244606,
    0.05317344516515732,
    0.01899116486310959
  ],
  "accuracy": [
    0.48725274205207825,
    0.8298901319503784,
    0.9061538577079773,
    0.9189010858535767,
    0.9518681168556213,
    0.9531868100166321,
    0.96637362241745,
    0.9593406319618225,
    0.9610989093780518,
    0.9821978211402893,
    0.984835147857666,
    0.9734066128730774,
    0.9839560389518738,
    0.9672527313232422,
    0.9786813259124756,
    0.9876922965049744,
    0.9810988903045654,
    0.9843956232070923,
    0.9861538410186768,
    0.987032949924469,
    0.9890109896659851,
    0.9828571677207947,
    0.9786813259124756,
    0.9907692074775696,
    0.9824175834655762,
    0.9661538600921631,
    0.9936263561248779,
    0.9863736033439636,
    0.9934065937995911
  ],
  "val_loss": [
    0.6839239597320557,
    0.12975211441516876,
    0.06997812539339066,
    0.10228460282087326,
    0.06325927376747131,
    0.0240410715341568,
    0.051542673259973526,
    0.05195102095603943,
    0.02054114080965519,
    0.010683959349989891,
    0.17123320698738098,
    0.11848599463701248,
    0.009733311831951141,
    0.025166654959321022,
    0.00724893668666482,
    0.047458432614803314,
    0.0018280039075762033,
    0.009531868621706963,
    0.009783897548913956,
    0.011924565769731998,
    0.00012707240239251405,
    0.008485679514706135,
    0.07675467431545258,
    0.03735862299799919,
    0.05305961146950722,
    0.0019379921723157167,
    0.0017184935277327895,
    0.03900706395506859,
    0.004353329539299011
  ],
  "val_accuracy": [
    0.8820512890815735,
    0.9702563881874084,
    0.9856410026550293,
    0.9661538600921631,
    0.9876922965049744,
    0.9938461780548096,
    0.9825640916824341,
    0.9794871807098389,
    0.9928205013275146,
    0.9969230890274048,
    0.9753845930099487,
    0.9610256552696228,
    0.9969230890274048,
    0.9948717951774597,
    0.9989743828773499,
    0.9743589758872986,
    0.9989743828773499,
    0.9969230890274048,
    0.9979487061500549,
    0.9969230890274048,
    1.0,
    0.9958974123001099,
    0.9876922965049744,
    0.9907692074775696,
    0.9876922965049744,
    0.9989743828773499,
    0.9989743828773499,
    0.9897435903549194,
    0.9989743828773499
  ]
}